{
 "wall_ir": [
  [
   -0.013247148937412717,
   -0.9887975583713607,
   0.14847668543673392,
   665.7797669580868
  ],
  [
   0.992491342261143,
   -0.03101353018903924,
   -0.11818172008314137,
   -513.4255190263709
  ],
  [
   0.1214394320960053,
   0.14578328780474137,
   0.9818025882087293,
   651.4948693739327
  ],
  [
   0.0,
   0.0,
   0.0,
   1.0
  ]
 ],
 "color_ir": [
  [
   0.9999414245144126,
   -0.0037285226427599223,
   -0.006683574896882698,
   51.56535410363723
  ],
  [
   0.0036709070831910983,
   0.9999678224799214,
   -0.004324456714121043,
   -0.690797434823698
  ],
  [
   0.006715392444704288,
   0.004274880534957171,
   0.9999366248843202,
   1.6719174435246276
  ],
  [
   0.0,
   0.0,
   0.0,
   1.0
  ]
 ],
 "basler_ir": [
  [
   0.9995718253688081,
   -0.011783779125073678,
   0.025665794217461253,
   150.1664546300085
  ],
  [
   0.013593873947576211,
   0.9972461259830047,
   -0.0726855782319165,
   -44.6462295386037
  ],
  [
   -0.024723376495105743,
   0.0729794454024504,
   0.9969951755589153,
   -4.567967270994939
  ],
  [
   0.0,
   0.0,
   0.0,
   1.0
  ]
 ],
 "web_cam_ir": [
  [
   -0.7084389944043102,
   0.24642961781123252,
   -0.6613078399559715,
   1036.3750853391984
  ],
  [
   -0.005704765835322782,
   0.9349944646390194,
   0.3545710496093547,
   -532.406635060732
  ],
  [
   0.7056945092511546,
   0.25494879784873986,
   -0.661009073290658,
   1542.8492189422698
  ],
  [
   0.0,
   0.0,
   0.0,
   1.0
  ]
 ],
 "screen_ir": [
  [
   -0.02872671660901613,
   -0.9828601903525533,
   0.18193967815575957,
   277.50459339925294
  ],
  [
   0.9892897579803678,
   -0.05396857323557963,
   -0.13550273184693706,
   63.60106233867816
  ],
  [
   0.14297624324532435,
   0.17608662370960293,
   0.973903444753291,
   791.4049957846586
  ],
  [
   0.0,
   0.0,
   0.0,
   1.0
  ]
 ]
}