{
 "color_ir": [
  [
   0.9999414245144126,
   -0.0037285226427599223,
   -0.006683574896882698,
   51.56535410363723
  ],
  [
   0.0036709070831910983,
   0.9999678224799214,
   -0.004324456714121043,
   -0.690797434823698
  ],
  [
   0.006715392444704288,
   0.004274880534957171,
   0.9999366248843202,
   1.6719174435246276
  ],
  [
   0.0,
   0.0,
   0.0,
   1.0
  ]
 ],
 "web_cam_ir": [
       [
            -0.9327613922191779,
            0.10557232023044963,
            -0.3446042583905672,
            801.6242918893215
        ],
        [
            0.018352803053480252,
            0.9687743417397567,
            0.24719885090085186,
            -641.3701383097444
        ],
        [
            0.3599307528821927,
            0.224233825221132,
            -0.9055968582325565,
            2074.4384246991367
        ],
        [
            0.0,
            0.0,
            0.0,
            1.0
        ]
    ],
 "wall_ir": [
        [
            0.004079397853586672,
            -0.998757284592076,
            -0.04907819782579165,
            735.4019595040588
        ],
        [
            0.9991100546586558,
            0.006141224879891327,
            -0.04134255092363903,
            -863.3919702792634
        ],
        [
            0.04156844204494911,
            -0.048882578582769454,
            0.9979074020275507,
            -2046.4242510688664
        ],
        [
            0.0,
            0.0,
            0.0,
            1.0
        ]
    ],
  "screen_ir": [
       [
            0.12436715579839526,
            -0.38082209904554765,
            0.9162143657199299,
            -117.67832646411011
        ],
        [
            0.9902026434539344,
            -0.011150150991207697,
            -0.1390763154157969,
            -112.09499809584122
        ],
        [
            0.06315756073976345,
            0.9245412866666127,
            0.3757275031915652,
            452.01631263542595
        ],
        [
            0.0,
            0.0,
            0.0,
            1.0
        ]
    ],
 "basler_ir": [
        [
            0.9999516684946373,
            -0.006055521353659085,
            -0.0011898950957347255,
            139.18439482757645
        ],
        [
            0.005997607620277957,
            0.9996975617823911,
            -0.023165408459530332,
            -44.49536245097598
        ],
        [
            0.0013455916070860786,
            0.023132592048717305,
            0.9996998036674084,
            -10.472845988965542
        ],
        [
            0.0,
            0.0,
            0.0,
            1.0
        ]
    ]
}