{
 "color_ir": [
  [
   0.9999414245144126,
   -0.0037285226427599223,
   -0.006683574896882698,
   51.56535410363723
  ],
  [
   0.0036709070831910983,
   0.9999678224799214,
   -0.004324456714121043,
   -0.690797434823698
  ],
  [
   0.006715392444704288,
   0.004274880534957171,
   0.9999366248843202,
   1.6719174435246276
  ],
  [
   0.0,
   0.0,
   0.0,
   1.0
  ]
 ],
 "web_cam_ir": [
     [
         -0.9332228458312402,
         0.11627112387839617,
         -0.33987875821402624,
         696.6399551760188
     ],
     [
         0.042350677899878106,
         0.9751481390629885,
         0.21739445587073175,
         -534.5289824031876
     ],
     [
         0.35669782288168594,
         0.18846363450140674,
         -0.9149780032909566,
         2215.7623852279867
     ],
     [
         0.0,
         0.0,
         0.0,
         1.0
     ]
  ],
 "wall_ir": [
        [
            0.014869735212383967,
            -0.9981302585306037,
            -0.05879032654064853,
            639.0096240882646
        ],
        [
            0.999765797921416,
            0.015732014507917752,
            -0.013735920282116537,
            -893.4498255178837
        ],
        [
            0.014610782213697077,
            -0.058589379248469964,
            0.9981434939760431,
            -1889.455365936812
        ],
        [
            0.0,
            0.0,
            0.0,
            1.0
        ]
    ],
 "basler_ir": [
  [
   0.9999356873175076,
   -0.007212477508566756,
   -0.0042456932843271365,
   138.86899820465618
  ],
  [
   0.007029544810183569,
   0.9993366093606322,
   -0.03528100298005705,
   -34.821140845529236
  ],
  [
   0.004513135453469336,
   0.03522448447188253,
   0.9993375266577299,
   -20.073725341937255
  ],
  [
   0.0,
   0.0,
   0.0,
   1.0
  ]
 ]
}