{
 "color_ir": [
  [
   0.9999414245144126,
   -0.0037285226427599223,
   -0.006683574896882698,
   51.56535410363723
  ],
  [
   0.0036709070831910983,
   0.9999678224799214,
   -0.004324456714121043,
   -0.690797434823698
  ],
  [
   0.006715392444704288,
   0.004274880534957171,
   0.9999366248843202,
   1.6719174435246276
  ],
  [
   0.0,
   0.0,
   0.0,
   1.0
  ]
 ],
 "web_cam_ir": [
  [
   -0.9216335593341487,
   0.05742047985741261,
   -0.3837132983314826,
   718.2470487707596
  ],
  [
   -0.03694784163409384,
   0.9714708777470661,
   0.23419439183688529,
   -512.4916067677609
  ],
  [
   0.38620538964331536,
   0.22999877012717346,
   -0.8932427372415426,
   2087.1771119606656
  ],
  [
   0.0,
   0.0,
   0.0,
   1.0
  ]
 ],
 "wall_ir": [
  [
   -0.003421003899206035,
   -0.9991085907357393,
   -0.04137324213521587,
   620.9279259213931
  ],
  [
   0.9997588072403714,
   -0.00425513420473439,
   0.020785659915702914,
   -888.8367255754737
  ],
  [
   -0.02096830365246749,
   -0.041308509971106466,
   0.9988946701881164,
   -2005.4100163062203
  ],
  [
   0.0,
   0.0,
   0.0,
   1.0
  ]
 ],
 "basler_ir": [
  [
   0.9999356873175076,
   -0.007212477508566756,
   -0.0042456932843271365,
   138.86899820465618
  ],
  [
   0.007029544810183569,
   0.9993366093606322,
   -0.03528100298005705,
   -34.821140845529236
  ],
  [
   0.004513135453469336,
   0.03522448447188253,
   0.9993375266577299,
   -20.073725341937255
  ],
  [
   0.0,
   0.0,
   0.0,
   1.0
  ]
 ]
}