{
 "color_ir": [
  [
   0.9999414245144126,
   -0.0037285226427599223,
   -0.006683574896882698,
   51.56535410363723
  ],
  [
   0.0036709070831910983,
   0.9999678224799214,
   -0.004324456714121043,
   -0.690797434823698
  ],
  [
   0.006715392444704288,
   0.004274880534957171,
   0.9999366248843202,
   1.6719174435246276
  ],
  [
   0.0,
   0.0,
   0.0,
   1.0
  ]
 ],
 "web_cam_ir": [
        [
            -0.9349777506999996,
            0.10480332133770615,
            -0.33878355043739566,
            738.5293387061491
        ],
        [
            0.01774963212703292,
            0.9679294314023754,
            0.25053021547180865,
            -648.8558436945043
        ],
        [
            0.35416450182950837,
            0.22820769204669705,
            -0.9068767169901851,
            2106.3038867779755
        ],
        [
            0.0,
            0.0,
            0.0,
            1.0
        ]
    ],
 "wall_ir": [
        [
            0.004859289311140033,
            -0.9982659119613925,
            -0.058163397748861645,
            694.8498745810078
        ],
        [
            0.9988221232468617,
            0.007662839450503958,
            -0.04757593387531056,
            -853.5098225296038
        ],
        [
            0.04791510411658917,
            -0.05788056666556235,
            0.9971412175235211,
            -2017.5923457241902
        ],
        [
            0.0,
            0.0,
            0.0,
            1.0
        ]
    ],
  "screen_ir": [
        [
            0.09523288691219217,
            -0.68887441936404,
            0.7185569957286886,
            -98.73637097117592
        ],
        [
            0.9896344651591947,
            -0.012278314999768683,
            -0.1429709440052849,
            -120.76859740270038
        ],
        [
            0.10729014775603538,
            0.7247235698062071,
            0.6805888600661606,
            666.7401243369254
        ],
        [
            0.0,
            0.0,
            0.0,
            1.0
        ]
    ],
 "basler_ir": [
        [
            0.9999516684946373,
            -0.006055521353659085,
            -0.0011898950957347255,
            139.18439482757645
        ],
        [
            0.005997607620277957,
            0.9996975617823911,
            -0.023165408459530332,
            -44.49536245097598
        ],
        [
            0.0013455916070860786,
            0.023132592048717305,
            0.9996998036674084,
            -10.472845988965542
        ],
        [
            0.0,
            0.0,
            0.0,
            1.0
        ]
    ]
}